Level,SubCategory,Jobs,TopRank,DistinctRanks,TotalItems,SampleItem
1,303,12,7,1,1,"Benefit Helm"
1,303,14,7,1,1,"Benefit Coif"
1,303,15,7,1,1,"Benefit Hat"
1,303,17,7,1,1,"Benefit Head"
1,304,12,7,1,1,"Benefit Mail"
1,304,14,7,1,1,"Benefit Jacket"
1,304,15,7,1,1,"Benefit Padding"
1,304,17,7,1,1,"Benefit Armor"
1,306,12,7,1,1,"Benefit Gloves"
1,306,14,7,1,1,"Benefit Hands"
1,306,15,7,1,1,"Benefit Bangles"
1,306,17,7,1,1,"Benefit Arms"
1,307,12,7,1,1,"Benefit Legs"
1,307,14,7,1,1,"Benefit Greaves"
1,307,15,7,1,1,"Benefit Shoes"
1,307,17,7,1,1,"Benefit Boots"
1,442,1,50,1,2,"Dragon Skill Ring (Fighter)"
1,442,2,50,1,2,"Dragon Skill Ring (Seeker)"
1,442,3,50,1,2,"Dragon Skill Ring (Hunter)"
1,442,4,50,1,2,"Dragon Skill Ring (Priest)"
1,442,5,50,1,2,"Dragon Skill Ring (Shield Sage)"
1,442,6,50,1,2,"Dragon Skill Ring (Sorcerer)"
1,442,7,50,1,2,"Dragon Skill Ring (Warrior)"
1,442,8,50,1,2,"Dragon Skill Ring (Element Archer)"
1,442,9,50,1,2,"Dragon Skill Ring (Alchemist)"
1,442,10,50,1,2,"Dragon Skill Ring (Spirit Lancer)"
1,442,11,50,1,2,"Dragon Skill Ring (High Scepter)"
1,490,1,75,1,1,"Emblem Stone (Fighter)"
1,490,2,75,1,1,"Emblem Stone (Seeker)"
1,490,3,75,1,1,"Emblem Stone (Hunter)"
1,490,4,75,1,1,"Emblem Stone (Priest)"
1,490,5,75,1,1,"Emblem Stone (Shield Sage)"
1,490,6,75,1,1,"Emblem Stone (Sorcerer)"
1,490,7,75,1,1,"Emblem Stone (Warrior)"
1,490,8,75,1,1,"Emblem Stone (Element Archer)"
1,490,9,75,1,1,"Emblem Stone (Alchemist)"
1,490,10,75,1,1,"Emblem Stone (Spirit Lancer)"
1,490,11,75,1,1,"Emblem Stone (High Scepter)"
2,309,0,1,1,5,"Nomad Cloak"
3,303,12,1,1,5,"Horned Helm"
3,303,14,1,1,5,"Leather Cap"
3,303,15,1,1,5,"Magician's Hat"
3,303,17,1,1,5,"Round Helm"
3,304,12,1,1,5,"Hide Armor"
3,304,14,1,1,5,"Breast Armor"
3,304,15,1,1,5,"Apprentice's Coat"
3,304,17,1,1,5,"Sage's Robe"
3,304,0,1,1,5,"Traveler's Vest"
3,305,0,1,1,5,"Village Shirt"
3,306,12,1,1,5,"Leather Gloves"
3,306,14,1,1,5,"Worker Gloves"
3,306,15,1,1,5,"Bronze Bangles"
3,306,17,1,1,5,"Entry Gloves"
3,307,12,1,1,5,"Battle Greaves"
3,307,14,1,1,5,"Leather Bottoms"
3,307,15,1,1,5,"Leather Shoes"
3,307,17,1,1,5,"Entry Boots"
3,309,0,1,1,5,"Shed Cloak"
4,309,0,1,1,5,"Shoulder Cape"
5,201,1,2,1,5,"Landing Sword"
5,203,7,2,1,5,"Battle Sword"
5,204,5,2,1,5,"Oval Shield"
5,207,3,2,1,5,"Stalking Bow"
5,208,9,2,1,5,"Mergitur"
5,209,8,2,1,5,"Gnosir"
5,211,4,2,1,5,"Blue Cane"
5,212,6,2,1,5,"Ferocious Horn"
5,305,0,1,1,5,"Composite Vest"
5,308,0,1,1,5,"Seeker Tights"
5,309,0,1,1,5,"Wanderer's Muffler"
6,202,1,2,1,5,"Pelta"
6,205,5,2,1,5,"Spike Rod"
6,303,12,2,1,5,"Bronze Helm"
6,303,14,2,1,5,"Leather Hood"
6,303,15,2,1,5,"Neophyte's Hood"
6,303,17,2,1,5,"Garrison's Helmet"
6,303,0,2,1,5,"Trouvère Band"
6,304,12,2,1,5,"Bronze Plate"
6,304,14,2,1,5,"Copper Lorica"
6,304,15,2,1,5,"Hallowed Robe"
6,304,17,2,1,5,"Garrison's Jacket"
6,304,0,2,1,5,"Common Silhouette Vest"
6,305,0,2,1,5,"Traveler's Shirt"
6,306,12,2,1,5,"Bronze Guard"
6,306,14,2,1,5,"Bronze Bracers"
6,306,15,2,1,5,"Tiger Bangles"
6,306,17,2,1,5,"Hard Knuckles"
6,306,0,2,1,5,"Combat Hands"
6,307,12,2,1,5,"Bronze Shoes"
6,307,14,2,1,5,"Chainmail Legs"
6,307,15,2,1,5,"Neophyte's Boots"
6,307,17,2,1,5,"Garrison's Boots"
6,307,0,2,1,5,"Combat Bottoms"
6,308,0,2,1,5,"Tight Pants"
6,309,0,2,1,5,"Scholar Cloak"
6,426,0,2,1,6,"Fluorite Earrings"
7,303,0,2,1,5,"Stéphanos"
7,304,0,2,1,5,"Light Sleeves"
7,305,0,2,1,5,"Bandage Clothes"
7,306,0,2,1,5,"Mighty Gloves"
7,307,0,2,1,5,"Leather High Boots"
7,308,0,2,1,5,"Village Pants"
7,309,0,2,1,5,"Brown Cape"
8,201,1,2,1,5,"Mace"
8,203,7,2,1,5,"Judge's Hammer"
8,204,5,2,1,5,"Battle Shield"
8,206,2,2,1,5,"Slit Daggers"
8,207,3,2,1,5,"Composite Longbow"
8,209,8,2,1,5,"Bronze Bogen"
8,211,4,2,1,5,"Palm Flower"
8,212,6,2,1,5,"Palm Trees"
8,303,12,2,1,5,"Wolf Head"
8,303,0,2,1,5,"Hard Leather Mask"
8,303,15,2,1,5,"Cleric's Cap"
8,303,17,2,1,5,"Blue-edged Helm"
8,303,14,2,1,5,"Coif"
8,304,12,2,1,5,"Scale Coat"
8,304,15,2,1,5,"Missionary's Robe"
8,304,17,2,1,5,"Regal Coat"
8,304,14,2,1,5,"Chest Guard"
8,304,0,2,1,5,"Tied Belt"
8,305,0,2,1,5,"Blessing Vest"
8,306,12,2,1,5,"Scale Arm"
8,306,15,2,1,5,"Rune Bangles"
8,306,17,2,1,5,"Knuckle Guard"
8,306,14,2,1,5,"Master Bracers"
8,307,0,2,1,5,"Foppish Legs"
8,307,12,2,1,5,"Serpent's Whisker"
8,307,15,2,1,5,"Disciple's Shoes"
8,307,17,2,1,5,"Shinguards"
8,307,14,2,1,5,"Hide Cuisses"
8,308,0,2,1,5,"Traveler's Tights"
8,309,0,2,1,5,"Feather Cloak"
9,305,0,2,1,5,"Linen Tunic"
9,308,0,2,1,5,"Cotton Hose"
9,309,0,2,1,5,"Wind Cloak"
10,212,6,9,1,5,"Olfring Wand (Blue)"
10,309,0,2,1,5,"Basic Cape"
11,201,1,3,1,5,"Makhaira"
11,202,1,3,1,5,"Novice Shield"
11,203,7,3,1,5,"Claymore"
11,204,5,3,1,5,"Monolith"
11,205,5,3,1,5,"Strike Rod"
11,206,2,3,1,5,"Brise-épéé"
11,207,3,3,1,5,"Strain"
11,208,9,3,1,5,"Solitus"
11,209,8,3,1,5,"Kenn-brecher"
11,211,4,3,1,5,"Hermit Wand"
11,212,6,3,1,5,"Magician's Thought"
11,303,12,3,1,5,"Bronze Sallet"
11,303,15,3,1,5,"Magician's Hood"
11,303,17,3,1,5,"Intellect Helm"
11,303,14,3,1,5,"Plate Coif"
11,303,0,3,1,5,"Leather Stole"
11,304,0,3,1,5,"Leader's Vest"
11,304,12,3,1,5,"Half Cuirass"
11,304,15,3,1,5,"Magician's Coat"
11,304,17,3,1,5,"Elite Drapes"
11,304,14,3,1,5,"Battle Jacket"
11,305,0,3,1,5,"Fisherman's Shirt"
11,306,0,3,1,5,"Knight's Gloves"
11,306,12,3,1,5,"Bronze Gauntlet"
11,306,15,3,1,5,"Common Bangles"
11,306,17,3,1,5,"Elite Gloves"
11,306,14,3,1,5,"Iron Manicae"
11,307,0,3,1,5,"Folded Boots"
11,307,12,3,1,5,"Bronze Sabatons"
11,307,15,3,1,5,"Sky Blue Waistguard"
11,307,17,3,1,5,"Elite Legs"
11,307,14,3,1,5,"Mercenary Leg-Guards"
11,308,0,3,1,5,"Fisherman's Pants"
11,309,0,3,1,5,"Knight's Cape"
11,426,0,3,1,10,"Rabbit Insignia Ring"
12,213,10,3,1,5,"Broad Spear"
12,303,0,3,1,5,"Thief's Mask"
12,304,0,3,1,5,"Trooper's Vest"
12,305,0,3,1,5,"Leather Breastplate"
12,306,0,3,1,5,"Chrome Knuckles"
12,307,0,3,1,5,"Victory High Boots"
12,308,0,3,1,5,"Durable Pants"
12,309,0,3,1,5,"Knight's Mantle"
13,202,1,3,1,5,"Strength"
13,205,5,3,1,5,"Cathedral Fire"
13,303,14,3,1,5,"Traveler's Hood"
13,303,15,3,1,5,"Healer's Hood"
13,303,17,3,1,5,"Noble's Helm"
13,303,0,3,1,5,"Incognito Mask"
13,303,12,3,1,5,"Kyklôps Head"
13,304,12,3,1,5,"Dread Armor"
13,304,14,3,1,5,"Leather Armor"
13,304,15,3,1,5,"Jongleur's Wrap"
13,304,17,3,1,5,"Noble Jacket"
13,304,0,3,1,5,"Compass Wrap"
13,305,0,3,1,5,"Doublet"
13,306,12,3,1,5,"Emblem Arms"
13,306,14,3,1,5,"Archer's Gloves"
13,306,15,3,1,5,"Magician's Bangles"
13,306,17,3,1,5,"Noble Arm"
13,307,12,3,1,5,"Copper Greaves"
13,307,14,3,1,5,"Smart Boots"
13,307,15,3,1,5,"Grass-Green Shoes"
13,307,17,3,1,5,"Noble Greaves"
13,307,0,3,1,5,"Over-Knee Boots"
13,308,0,3,1,5,"Basic Hose"
13,309,0,3,1,5,"Desert Cloak"
14,201,1,3,1,5,"Strong Hatchet"
14,203,7,3,1,5,"Iraklis"
14,204,5,3,1,5,"Knight's Honor"
14,206,2,3,1,5,"Snake Daggers"
14,207,3,3,1,5,"Custom Longbow"
14,209,8,3,1,5,"Doppel Schütze"
14,211,4,3,1,5,"Power of Pawn"
14,212,6,3,1,5,"Magic in the Cage"
14,305,0,3,1,5,"Trooper Suit"
14,308,0,3,1,5,"Walker Tights"
14,309,0,3,1,5,"Traveler's Cloak"
15,201,1,7,1,10,"Cross Rapier of Sparks"
15,202,1,7,1,10,"Ring Buckler of Sparks"
15,203,7,9,1,5,"Sword of Lightning (Red)"
15,204,5,7,1,10,"Gazing Glow of Sparks"
15,207,3,7,1,10,"Flood Ray of Sparks"
15,209,8,7,1,5,"Mark of the Wicked Blood Staff"
15,212,6,7,1,10,"Twin Wisdom of Sparks"
15,309,0,3,1,5,"Jet Black Muffler"
16,202,1,4,1,5,"Muscular Wall"
16,205,5,4,1,5,"Power Rod"
16,208,9,4,1,5,"Fremitu"
16,303,14,4,1,5,"Red Leather Cap"
16,303,15,4,1,5,"Halo of Beginning"
16,303,17,4,1,5,"Sentry Helm"
16,303,12,4,1,5,"Wolverine Head"
16,303,0,4,1,5,"Robber's Mask"
16,304,12,4,1,5,"Gaudy Armor"
16,304,14,4,1,5,"Lamellar Jacket"
16,304,15,4,1,5,"Dalmatica"
16,304,17,4,1,5,"Calm Robe"
16,304,0,4,1,5,"Raider's Vest"
16,305,0,4,1,5,"Country Shirt"
16,306,12,4,1,5,"Gaudy Bracers"
16,306,14,4,1,5,"Laborer Gloves"
16,306,15,4,1,5,"Aura Bangles"
16,306,17,4,1,5,"Powered Gloves"
16,306,0,4,1,5,"Master Hands"
16,307,12,4,1,5,"Gaudy Greaves"
16,307,14,4,1,5,"Composite Bottoms"
16,307,15,4,1,5,"Sagacity Shoes"
16,307,17,4,1,5,"Sentry Boots"
16,307,0,4,1,5,"Lively Bottoms"
16,308,0,4,1,5,"Strong Pants"
16,309,0,4,1,5,"Pharmacy Mantle"
16,426,0,4,1,9,"Deer Insignia Ring"
17,201,1,4,1,5,"Thousand Troops"
17,203,7,4,1,5,"Sharp Column"
17,204,5,4,1,5,"Woody Magick"
17,206,2,4,1,5,"Gladius"
17,207,3,4,1,5,"White Wolf Bow"
17,209,8,4,1,5,"Mageia Kyklos"
17,211,4,4,1,5,"Staff of Magickal Restraint"
17,212,6,4,1,5,"Spiral Wand"
17,303,0,4,1,5,"Executioner's Mask"
17,304,0,4,1,5,"Flowing Sleeves"
17,305,0,4,1,5,"Chainmail"
17,306,0,4,1,5,"Titan's Gloves"
17,307,0,4,1,5,"Purity Legs"
17,308,0,4,1,5,"Oldies Pants"
17,309,0,4,1,5,"Cloak of Wonder"
18,202,1,4,1,5,"Vanguard"
18,205,5,4,1,5,"Sanction Rod"
18,303,12,4,1,5,"Barrel Helm"
18,303,15,4,1,5,"Sorcerer's Hat"
18,303,17,4,1,5,"Pleasant Helm"
18,303,14,4,1,5,"Chain Hood"
18,303,0,4,1,5,"Scholar's Circlet"
18,304,12,4,1,5,"Copper Mail"
18,304,15,4,1,5,"Wonder Coat"
18,304,17,4,1,5,"Vigorous Coat"
18,304,14,4,1,5,"Iron Lorica"
18,304,0,4,1,5,"Vigor Binder"
18,305,0,4,1,5,"Lady's Corset"
18,306,12,4,1,5,"Braintan Gloves"
18,306,15,4,1,5,"Beast Bangles"
18,306,17,4,1,5,"Vigorous Arms"
18,306,14,4,1,5,"Marine's Sleeves"
18,307,12,4,1,5,"Copper Sabatons"
18,307,15,4,1,5,"Nostalgia Waistguard"
18,307,17,4,1,5,"Vigorous Legs"
18,307,14,4,1,5,"Iron Legs"
18,307,0,4,1,5,"Highland Boots"
18,308,0,4,1,5,"Island Pants"
18,309,0,4,1,5,"Inspector's Cape"
19,201,1,4,1,5,"Iron Sword"
19,204,5,4,1,5,"Scutum"
19,206,2,4,1,5,"Snagdaggers"
19,207,3,4,1,5,"Red Pine Bow"
19,209,8,4,1,5,"Quellenkraft"
19,211,4,4,1,5,"Copper Cane"
19,212,6,4,1,5,"Mage Wand"
19,305,0,4,1,5,"Bronze Scale"
19,308,0,4,1,5,"Chain Hose"
19,309,0,4,1,5,"Cloak of Vows"
20,206,2,8,1,5,"Blade of Insight (Black)"
20,303,12,4,1,5,"Sorel Helm"
20,303,14,4,1,5,"Headgear"
20,303,15,4,1,5,"Sacred Hood"
20,303,17,4,1,5,"Shielder Helm"
20,304,12,4,1,5,"Solemn Armor"
20,304,14,4,1,5,"Ranger Jacket"
20,304,15,4,1,5,"Sacred Robe"
20,304,17,4,1,5,"Shielder Coat"
20,306,12,4,1,5,"Solemn Arms"
20,306,14,4,1,5,"Ranger Gloves"
20,306,15,4,1,5,"Sacred Bangles"
20,306,17,4,1,5,"Shielder Arms"
20,307,12,4,1,5,"Solemn Legs"
20,307,14,4,1,5,"Ranger Cuisses"
20,307,15,4,1,5,"Sacred Greaves"
20,307,17,4,1,5,"Shielder Legs"
20,309,0,4,1,5,"Dark Plume Cloak"
21,201,1,5,1,5,"Cutlass"
21,202,1,5,1,5,"Feathery Pelta"
21,204,5,5,1,5,"Brilliance"
21,205,5,5,1,5,"Hell's Pain"
21,206,2,5,1,5,"Bardiche Daggers"
21,207,3,5,1,5,"Bloody Hide"
21,208,9,5,1,5,"Sinceritatis"
21,209,8,5,1,5,"Morgenglühen"
21,211,4,5,1,5,"Dawn Staff"
21,212,6,5,1,5,"Crescent Wand"
21,303,0,5,1,5,"Legacy Band"
21,304,0,5,1,5,"Lestanian Vest"
21,305,0,5,1,5,"Chain Bracers"
21,306,0,5,1,5,"Greed Gloves"
21,307,0,5,1,5,"High-Grade Bottoms"
21,308,0,5,1,5,"Strong Banded"
21,309,0,5,1,5,"Gryphus Mantle"
21,426,0,5,1,8,"Paired Stone Earrings"
22,303,12,5,1,5,"Battle Helm"
22,303,14,5,1,5,"Assassin's Mask"
22,303,15,5,1,5,"Spike Head"
22,303,17,5,1,5,"Quest Helm"
22,303,0,5,1,5,"Hood of Longing"
22,304,12,5,1,5,"Rock Armor"
22,304,14,5,1,5,"Hunter Jacket"
22,304,15,5,1,5,"Shaman's Robe"
22,304,17,5,1,5,"Majesty Drapes"
22,304,0,5,1,5,"Officer's Sleeves"
22,305,0,5,1,5,"Gambeson"
22,306,12,5,1,5,"Murg Armguards"
22,306,14,5,1,5,"Composite Sleeves"
22,306,15,5,1,5,"Sorcery Bangles"
22,306,17,5,1,5,"Buster Knuckles"
22,307,12,5,1,5,"Red Greaves"
22,307,14,5,1,5,"Assassin's Bottoms"
22,307,15,5,1,5,"Prayer Breeches"
22,307,17,5,1,5,"Valor Legs"
22,307,0,5,1,5,"Walker Boots"
22,308,0,5,1,5,"White Thigh-highs"
22,309,0,5,1,5,"Beast Cape"
23,201,1,5,1,5,"Power Beak"
23,202,1,5,1,5,"Shield of the White Knights"
23,203,7,5,1,5,"Warblade"
23,204,5,5,1,5,"Rare Wooden Wall"
23,205,5,5,1,5,"Crowned Head"
23,206,2,5,1,5,"Throatcutters"
23,207,3,5,1,5,"Artisan Bow"
23,209,8,5,1,5,"Mondnacht Schütteln"
23,211,4,5,1,5,"Nature's Whole"
23,212,6,5,1,5,"Fierce Horn"
23,303,0,5,1,5,"Delusion Mask"
23,304,0,5,1,5,"General's Vest"
23,305,0,5,1,5,"Bliaut"
23,308,0,5,1,5,"Brown Tied"
23,309,0,5,1,5,"Guardian's Cape"
24,213,10,5,1,5,"Hasta"
24,303,12,5,1,5,"Brute Armet"
24,303,14,5,1,5,"Wanderer's Hood"
24,303,15,5,1,5,"Mentor's Cap"
24,303,17,5,1,5,"Another Eyes"
24,304,12,5,1,5,"Vice Cuirass"
24,304,14,5,1,5,"Wanderer's Jacket"
24,304,15,5,1,5,"Ocean Robe"
24,304,17,5,1,5,"Strong Jacket"
24,305,0,5,1,5,"Steady Vest"
24,306,12,5,1,5,"Wild Gauntlet"
24,306,14,5,1,5,"Striker Arms"
24,306,15,5,1,5,"Charm Bangles"
24,306,17,5,1,5,"Strong Arms"
24,307,12,5,1,5,"Wild Sabatons"
24,307,14,5,1,5,"Striker's Greaves"
24,307,15,5,1,5,"Prodigy's Shoes"
24,307,17,5,1,5,"Strong Legs"
24,308,0,5,1,5,"Black Gaiters"
24,309,0,5,1,5,"Arisen's Mantle"
25,201,1,5,1,5,"Bastard Sword"
25,203,7,10,1,5,"Sword of Lightning (Blue)"
25,204,5,5,1,5,"Megalith"
25,207,3,5,1,5,"Fluted Bow"
25,208,9,10,1,5,"Olfring Seiðr (Black)"
25,209,8,5,1,5,"Schild und Sühne"
25,211,4,5,1,5,"Illusionist"
25,212,6,5,1,5,"Magickal Branch"
25,305,0,5,1,5,"Wanderer's Shirt"
25,309,0,5,1,5,"Cloak of Nostalgia"
26,202,1,6,1,5,"Shield of Oaths"
26,203,7,6,1,5,"Iron Urchin"
26,205,5,6,1,5,"Twinkle Venus"
26,208,9,6,1,5,"Ferrum Gravis"
26,303,12,6,1,5,"Battle Sallet"
26,303,14,6,1,5,"Over Guard"
26,303,15,6,1,5,"Saintly Hood"
26,303,17,6,1,5,"Sergeant's Helm"
26,303,0,6,1,5,"Pirate's Mask"
26,304,12,6,1,5,"Grand Surcoat"
26,304,14,6,1,5,"Silver Lorica"
26,304,15,6,1,5,"Sorcerer's Coat"
26,304,17,6,1,5,"Valiant Coat"
26,304,0,6,1,5,"Passion Pareo"
26,305,0,6,1,5,"Maiden's Camisole"
26,306,12,6,1,5,"Smoky Gloves"
26,306,14,6,1,5,"Victory Bracers"
26,306,15,6,1,5,"Mystic Bangles"
26,306,17,6,1,5,"Deft Gloves"
26,306,0,6,1,5,"Grand Hands"
26,307,12,6,1,5,"Iron Greaves"
26,307,14,6,1,5,"Victory Legs"
26,307,15,6,1,5,"Pleats of Sorcery"
26,307,17,6,1,5,"Mudguards"
26,307,0,6,1,5,"Artisan's Boots"
26,308,0,6,1,5,"Silky Stretch Lingerie"
26,309,0,6,1,5,"Wiseman Cloak"
26,426,0,6,1,11,"Fire Gem Choker"
27,201,1,6,1,5,"Broadsword"
27,204,5,6,1,5,"Blue Kite"
27,206,2,6,1,5,"Vouge Daggers"
27,207,3,6,1,5,"Ranke Bogen"
27,209,8,6,1,5,"Glücksrad"
27,211,4,6,1,5,"Sky Anchor"
27,212,6,6,1,5,"Eclipse"
27,303,0,6,1,5,"Laurel Circlet"
27,304,0,6,1,5,"Power Tracer"
27,305,0,6,1,5,"Battalion Suit"
27,307,0,6,1,5,"Smart Line Boots"
27,308,0,6,1,5,"Skintight Pants"
27,309,0,6,1,5,"Victory Cape"
28,202,1,6,1,5,"Alpine Pelta"
28,205,5,6,1,5,"Beacon of Mahler"
28,303,12,6,1,5,"Sturdy Helm"
28,303,14,6,1,5,"Enamel Hood"
28,303,15,6,1,5,"Prayer Hood"
28,303,17,6,1,5,"Showdown Helm"
28,304,12,6,1,5,"Sturdy Plate"
28,304,14,6,1,5,"Combat Guard"
28,304,15,6,1,5,"Combat Robe"
28,304,17,6,1,5,"Showdown Jacket"
28,305,0,6,1,5,"Brigandine"
28,306,12,6,1,5,"Sturdy Guard"
28,306,14,6,1,5,"Ace Bracers"
28,306,15,6,1,5,"Compact Bangles"
28,306,17,6,1,5,"Battle Arms"
28,307,12,6,1,5,"Sturdy Cuisses"
28,307,14,6,1,5,"Nature Cuisses"
28,307,15,6,1,5,"Faithful Waistguard"
28,307,17,6,1,5,"Battle Legs"
28,307,0,6,1,5,"Maiden's Petticoat"
28,308,0,6,1,5,"Combat Hose"
28,309,0,6,1,5,"Sergeant's Cloak"
29,201,1,6,1,5,"Morgenstern"
29,203,7,6,1,5,"Treispirinadir"
29,204,5,6,1,5,"Setzschild"
29,206,2,6,1,5,"Daciaensis"
29,207,3,6,1,5,"Liberty Bow"
29,209,8,6,1,5,"Aspro Neraida"
29,211,4,6,1,5,"Pilgrim's Cane"
29,212,6,6,1,5,"Sorcerer's Wand"
29,305,0,6,1,5,"Wrapped Clothes"
29,308,0,6,1,5,"Agent Tights"
29,309,0,6,1,5,"Militant Mantle"
30,303,12,6,1,5,"Serenity Helm"
30,303,14,6,1,5,"Huntsman Cap"
30,303,15,6,1,5,"Bellwether Hood"
30,303,17,6,1,5,"Guardian Helm"
30,303,0,8,1,25,"Fancy Dress: Ryu B"
30,303,13,12,1,5,"Rathalos Helm"
30,303,16,12,1,5,"Rathian Helm"
30,304,12,6,1,5,"Serenity Armor"
30,304,14,6,1,5,"Huntsman Jacket"
30,304,15,6,1,5,"Bellwether Robe"
30,304,17,6,1,5,"Guardian Coat"
30,304,13,12,1,5,"Rathalos Mail"
30,304,16,12,1,5,"Rathian Mail"
30,305,0,6,1,5,"Iron Scale"
30,306,12,6,1,5,"Serenity Arms"
30,306,14,6,1,5,"Huntsman Gloves"
30,306,15,6,1,5,"Bellwether Bangles"
30,306,17,6,1,5,"Guardian Arms"
30,306,13,12,1,5,"Rathalos Vambraces"
30,306,16,12,1,5,"Rathian Vambraces"
30,307,12,6,1,5,"Serenity Legs"
30,307,14,6,1,5,"Huntsman's Cuisses"
30,307,15,6,1,5,"Bellwether Greaves"
30,307,17,6,1,5,"Guardian Legs"
30,307,13,12,1,5,"Rathalos Greaves"
30,307,16,12,1,5,"Rathian Greaves"
30,308,0,6,1,5,"Bladeproof Hose"
30,309,0,6,1,5,"Eagle Mantle"
31,201,1,7,1,5,"Tight Cinquedea"
31,202,1,7,1,5,"Lustrous Shield"
31,204,5,7,1,5,"Embossed Head"
31,205,5,7,1,5,"Sign of Mercy"
31,206,2,7,1,5,"Heavenly Edge"
31,207,3,7,1,5,"Big Bow"
31,208,9,7,1,5,"Benedico Sole"
31,209,8,7,1,5,"Vortex Flow"
31,211,4,7,1,5,"Palm's Treetop"
31,212,6,7,1,5,"Twisted Serpent"
31,303,0,7,1,5,"Faerie Band"
31,304,0,7,1,5,"Monarch's Vest"
31,305,0,7,1,5,"Expedition Shirt"
31,306,0,7,1,5,"Loneliness Gloves"
31,307,0,7,1,5,"Dignity Boots"
31,308,0,7,1,5,"Gurkha Gaiters"
31,309,0,7,1,5,"Pauldron"
31,426,0,7,1,17,"Bull Insignia Ring"
32,201,1,7,1,5,"Biting Club"
32,203,7,7,1,5,"Flamberge"
32,204,5,7,1,5,"Bastion"
32,206,2,7,1,5,"Bushwackers"
32,207,3,7,1,5,"Devastator"
32,209,8,7,1,5,"Zauberkraft"
32,211,4,7,1,5,"Iron Staff"
32,212,6,7,1,5,"Valiant Horn"
32,303,12,7,1,5,"Fiend's Helmet"
32,303,14,7,1,5,"Vagrant's Mask"
32,303,15,7,1,5,"Atonement Cap"
32,303,17,7,1,5,"Advance Helm"
32,303,0,7,1,5,"Outlaw's Mask"
32,304,12,7,1,5,"Savage Armor"
32,304,14,7,1,5,"Vagrant Armor"
32,304,15,7,1,5,"Elder's Robe"
32,304,17,7,1,5,"Advance Coat"
32,304,0,7,1,5,"Freya Plate"
32,305,0,7,1,5,"Scale Breastplate"
32,306,12,7,1,5,"Gooseneck Arm"
32,306,14,7,1,5,"Soldier Arms"
32,306,15,7,1,5,"Iron Bangles"
32,306,17,7,1,5,"Custodian Arms"
32,307,12,7,1,5,"Savage Greaves"
32,307,14,7,1,5,"Soldier's Greaves"
32,307,15,7,1,5,"Elder's Boots"
32,307,17,7,1,5,"Custodian Boots"
32,307,0,7,1,5,"Goddess Petticoat"
32,308,0,7,1,5,"Tidy Thigh-highs"
32,309,0,7,1,5,"Survivor's Cape"
33,202,1,7,1,5,"Silver Thorn"
33,205,5,7,1,5,"Supernova"
33,303,0,7,1,5,"Advent Circlet"
33,304,0,7,1,5,"Justice Holder"
33,305,0,7,1,5,"Pourpoint"
33,308,0,7,1,5,"Belligerent Tied"
33,309,0,7,1,5,"Loftiness Cape"
34,201,1,7,1,5,"Falcata"
34,204,5,7,1,5,"Mark of the Advance"
34,206,2,7,1,5,"Triskele"
34,207,3,7,1,5,"Lustre Acanthus"
34,209,8,7,1,5,"Weiß Merkmale"
34,211,4,7,1,5,"Portal Indicator"
34,212,6,7,1,5,"Soul Harvest"
34,303,12,7,1,5,"Raptor Helm"
34,303,14,7,1,5,"Infantry Helm"
34,303,15,7,1,5,"Archmage's Hat"
34,303,17,7,1,5,"Accomplished Helm"
34,304,12,7,1,5,"Foul Armor"
34,304,14,7,1,5,"Vagabond Armor"
34,304,15,7,1,5,"Senior's Coat"
34,304,17,7,1,5,"Resolver Clothes"
34,305,0,7,1,5,"Honorary Knight's Suit"
34,306,12,7,1,5,"Raptor Gauntlets"
34,306,14,7,1,5,"Iron Bracers"
34,306,15,7,1,5,"Roar Bangles"
34,306,17,7,1,5,"Resolver Arms"
34,307,12,7,1,5,"Foul Greaves"
34,307,14,7,1,5,"Ninja Bottoms"
34,307,15,7,1,5,"Newcomer's Waistguard"
34,307,17,7,1,5,"Resolver Legs"
34,308,0,7,1,5,"Coquettish Backs"
34,309,0,7,1,5,"Saudade Muffler"
35,203,7,7,1,5,"Massive Hammer"
35,305,0,7,1,5,"Twin Cross Vest"
35,308,0,7,1,5,"Limber Metal Hose"
35,309,0,7,1,5,"Cavalier's Cloak"
36,201,1,8,1,5,"Captain's Soul"
36,202,1,8,1,5,"Mark of the Chimera"
36,204,5,8,1,5,"Valor Glare"
36,205,5,8,1,5,"Patriot Stone"
36,206,2,8,1,5,"Blitz Daggers"
36,207,3,8,1,5,"Hundred Miles"
36,208,9,8,1,5,"Locus Solus"
36,209,8,8,1,5,"Gunvoltzeit"
36,211,4,8,1,5,"Spellcasting"
36,212,6,8,1,5,"Pious Roots"
36,213,10,7,1,5,"Raging Red Spear"
36,303,12,8,1,5,"Lieutenant's Helm"
36,303,14,8,1,5,"Beast Coif"
36,303,15,8,1,5,"Crowned Hood"
36,303,17,8,1,5,"Grand Sage Cap"
36,303,0,8,1,5,"Victory Covert"
36,304,12,8,1,5,"Royal Surcoat"
36,304,14,8,1,5,"Beast Padding"
36,304,15,8,1,5,"Wizard's Robe"
36,304,17,8,1,5,"Tracer's Jacket"
36,304,0,8,1,5,"Silver Silk Pareo"
36,305,0,8,1,5,"Noir Gambeson"
36,306,12,8,1,5,"Sturdy Gauntlets"
36,306,14,8,1,5,"Silver Manicae"
36,306,15,8,1,5,"Wizard Bangles"
36,306,17,8,1,5,"Stalwart Arms"
36,306,0,8,1,5,"Shiny Hands"
36,307,12,8,1,5,"Howl Sabatons"
36,307,14,8,1,5,"Extra Bottoms"
36,307,15,8,1,5,"Pleats of Twilight"
36,307,17,8,1,5,"Hearty Boots"
36,307,0,8,1,5,"Cathedral Bottoms"
36,308,0,8,1,5,"Nature Pants"
36,309,0,8,1,5,"Songstress' Cloak"
36,426,0,8,1,12,"Ruby Pendant"
37,201,1,8,1,5,"Bud of Destruction"
37,204,5,8,1,5,"Tyrant's Scale"
37,206,2,8,1,5,"Heroic Spears"
37,207,3,8,1,5,"Hydra's Husk"
37,209,8,8,1,5,"Kerukeion"
37,211,4,8,1,5,"Silent Grace"
37,212,6,8,1,5,"Ancient Horn"
37,303,0,8,1,5,"Black Leather Circlet"
37,304,0,8,1,5,"Red Griffin Skin"
37,305,0,8,1,5,"Silver Chainmail"
37,307,0,8,1,5,"Black Leather Over-Knee Boots"
37,308,0,8,1,5,"Braided Hose"
37,309,0,8,1,5,"Malevolent God's Cloak"
38,201,1,8,1,5,"Silver Rapier"
38,203,7,8,1,5,"Lance Sword"
38,204,5,8,1,5,"Chained Sepulchre"
38,206,2,8,1,5,"Sinistra"
38,207,3,8,1,5,"Bezel Crown"
38,209,8,8,1,5,"Siegstraße"
38,211,4,8,1,5,"Staff of Beyond the Rift"
38,212,6,8,1,5,"Lunar Saga"
38,303,12,8,1,5,"Viking Helm"
38,303,14,8,1,5,"Pirate's Cap"
38,303,15,8,1,5,"Circlet of Wisdom"
38,303,17,8,1,5,"Principal Helm"
38,303,0,8,1,5,"Angel Circlet"
38,304,12,8,1,5,"Cruel Armor"
38,304,14,8,1,5,"Pirate's Jacket"
38,304,15,8,1,5,"Precious Robe"
38,304,17,8,1,5,"Tactician's Coat"
38,305,0,8,1,5,"Noblewoman's Corset"
38,306,12,8,1,5,"Cruel Arms"
38,306,14,8,1,5,"Pirate Arms"
38,306,15,8,1,5,"Precious Bangles"
38,306,17,8,1,5,"Principal Arms"
38,307,12,8,1,5,"Cruel Greaves"
38,307,14,8,1,5,"Pirate's Legs"
38,307,15,8,1,5,"Precious Boots"
38,307,17,8,1,5,"Principal Legs"
38,308,0,8,1,5,"Sortie Hose"
38,309,0,8,1,5,"Innocence Cape"
39,303,0,8,1,5,"Twinkle Star"
39,305,0,8,1,5,"Special Bracers"
39,308,0,8,1,5,"Sentry Tights"
39,309,0,8,1,5,"Officer's Mantle"
40,202,1,8,1,10,"Mark of the Arisen"
40,205,5,8,1,10,"Fury Rondeau"
40,303,12,8,1,5,"Dragon's Helm"
40,303,14,8,1,5,"Drachenatem"
40,303,15,8,1,5,"Wyrm's Will"
40,303,17,8,1,5,"Ddraig Goch Frons"
40,304,12,8,1,5,"Dragon Breastplate"
40,304,14,8,1,5,"Drachenschuppe"
40,304,15,8,1,5,"Wyrm's Idea"
40,304,17,8,1,5,"Ddraig Goch Pectus"
40,305,0,8,1,5,"Solemn Suit"
40,306,12,8,1,5,"Dragoon Arms"
40,306,14,8,1,5,"Drachennägel"
40,306,15,8,1,5,"Wyrm's Grasp"
40,306,17,8,1,5,"Ddraig Palmae"
40,307,12,8,1,5,"Dragoon Boots"
40,307,14,8,1,5,"Drachen-Pein"
40,307,15,8,1,5,"Wyrm's Scheme"
40,307,17,8,1,5,"Ddraig Crura"
40,308,0,8,1,5,"White Legs"
40,309,0,8,1,5,"White Wings Mantle"
40,312,0,31,1,10,"Trickster Suit"
41,201,1,9,1,5,"Straight Sword"
41,202,1,9,1,5,"Shine Targe"
41,203,7,9,1,5,"Black Matter"
41,204,5,9,1,5,"Black Wall"
41,205,5,9,1,5,"Punishment"
41,206,2,9,1,5,"Two-Edged"
41,207,3,9,1,5,"Nactoral Bow"
41,208,9,9,1,5,"Callositas"
41,209,8,9,1,5,"Heilung Bogen"
41,211,4,9,1,5,"Signposter"
41,212,6,9,1,5,"Valiant Helix"
41,303,12,9,1,5,"Gigant Head"
41,303,14,9,1,5,"Officer's Cap"
41,303,15,9,1,5,"Halo of the New Moon"
41,303,17,9,1,5,"General's Helm"
41,303,0,9,1,5,"Dominion's Seal"
41,304,12,9,1,5,"Guardsman's Armbelt"
41,304,14,9,1,5,"Scale Jacket"
41,304,15,9,1,5,"Tide Robe"
41,304,17,9,1,5,"Trooper's Coat"
41,304,0,9,1,5,"Berserker"
41,305,0,9,1,5,"Silk Bliaut"
41,306,12,9,1,5,"Brute Gauntlets"
41,306,14,9,1,5,"Agent Sleeves"
41,306,15,9,1,5,"Victory Bangles"
41,306,17,9,1,5,"Trooper's Gloves"
41,306,0,9,1,5,"Rising Gloves"
41,307,12,9,1,5,"Guardsman's Greaves"
41,307,14,9,1,5,"Backwater Waistguard"
41,307,15,9,1,5,"Paradise Waistcloth"
41,307,17,9,1,5,"Trooper's Legs"
41,307,0,9,1,5,"Line of Elegance"
41,308,0,9,1,5,"Vice Hose"
41,309,0,9,1,5,"Order Cape"
41,426,0,9,1,11,"Royal Feather Earrings"
42,304,0,9,1,5,"Dawn Drape"
42,305,0,9,1,5,"Endowed Vest"
42,308,0,9,1,5,"Rival Pants"
42,309,0,9,1,5,"Arbitrator's Mantle"
43,201,1,9,1,10,"Hoplite Makhaira"
43,202,1,9,1,5,"Scarred Sentinel"
43,203,7,9,1,5,"Elfenkrieger"
43,204,5,9,1,10,"Tombstone"
43,205,5,9,1,5,"Virtue's Aurora"
43,206,2,9,1,10,"Quester Daggers"
43,207,3,9,1,10,"Composite Aimer"
43,208,9,9,1,5,"Albion"
43,209,8,9,1,10,"Grief Attribute"
43,211,4,9,1,10,"Curability Branch"
43,212,6,9,1,10,"Sealed Calamity"
43,303,12,9,1,5,"Gryphus Helm"
43,303,14,9,1,5,"Capture Hood"
43,303,15,9,1,5,"Cathedral Cap"
43,303,17,9,1,5,"Triumph Helm"
43,304,12,9,1,5,"Gryphus Armor"
43,304,14,9,1,5,"Raider's Jacket"
43,304,15,9,1,5,"Divine Robe"
43,304,17,9,1,5,"Triumph Jacket"
43,305,0,9,1,5,"Virgo Camisole"
43,306,12,9,1,5,"Gryphus Gauntlets"
43,306,14,9,1,5,"Assault Spine"
43,306,15,9,1,5,"Crunch Bangles"
43,306,17,9,1,5,"Triumph Arms"
43,307,12,9,1,5,"Gryphus Greaves"
43,307,14,9,1,5,"Raider's Greaves"
43,307,15,9,1,5,"Domination Boots"
43,307,17,9,1,5,"Triumph Greaves"
43,308,0,9,1,5,"Jungle Pants"
43,309,0,9,1,5,"Deep Forest Mantle"
44,213,10,9,1,5,"Spiculum"
44,305,0,9,1,5,"Coat of Plates"
44,308,0,9,1,5,"Rebel Banded"
44,309,0,9,1,5,"Raptor Mantle"
45,202,1,9,1,5,"Shield of the Crest of Light"
45,205,5,9,1,5,"Lethal Pile"
45,303,12,9,1,10,"Dusk Helm"
45,303,14,9,1,10,"Shooter's Hood"
45,303,15,9,1,10,"Adept's Hat"
45,303,17,9,1,10,"Greater Eyes"
45,303,0,10,1,25,"Fancy Dress: Zangief B"
45,304,12,9,1,10,"Dawn Plate"
45,304,14,9,1,10,"Hard Skin Armor"
45,304,15,9,1,10,"Adept's Robe"
45,304,17,9,1,10,"Enforcer's Coat"
45,305,0,9,1,5,"White Sun Scale"
45,306,12,9,1,10,"Twilight Bracers"
45,306,14,9,1,10,"Leader Gloves"
45,306,15,9,1,10,"Adept Bangles"
45,306,17,9,1,10,"Gruel Knuckles"
45,307,12,9,1,10,"Sunset Cuisses"
45,307,14,9,1,10,"Leader Leg Guards"
45,307,15,9,1,10,"Demon's Greaves"
45,307,17,9,1,10,"Bounty Boots"
45,308,0,9,1,5,"Taskbreaker"
45,309,0,9,1,5,"Heavy Spaulders"
46,303,12,10,1,5,"Knight Head Helm"
46,303,14,10,1,5,"Aloni Headgear"
46,303,0,10,1,5,"Mistilteinn Hood"
46,303,17,10,1,5,"Bravery Helm"
46,303,15,10,1,5,"Iron Circlet"
46,304,14,10,1,5,"Spirit Guard"
46,304,0,10,1,5,"Dire Plume"
46,304,12,10,1,5,"Graceful Coat"
46,304,17,10,1,5,"Bravery Coat"
46,304,15,10,1,5,"Archmage's Robe"
46,305,0,10,1,5,"Master Squad Suit"
46,306,14,10,1,5,"Executor Arms"
46,306,15,10,1,5,"Niello Bangles"
46,306,12,10,1,5,"Zeal Gloves"
46,306,17,10,1,5,"Bravery Arms"
46,307,14,10,1,5,"Fur Cuisses"
46,307,12,10,1,5,"Gold Greaves"
46,307,17,10,1,5,"Bravery Legs"
46,307,0,10,1,5,"Maker's Gray Bottoms"
46,307,15,10,1,5,"Gold Raptor"
46,308,0,10,1,5,"Struggle Pants"
46,309,0,10,1,5,"Roving Muffler"
46,426,0,10,1,12,"Champion Bracelet"
47,201,1,10,1,5,"Brute Killer"
47,202,1,10,1,5,"Shield of Demonic Conquest"
47,203,7,10,1,5,"Foreign Flamberge"
47,204,5,10,1,5,"Heaven's Door"
47,205,5,10,1,5,"Savior Borne"
47,206,2,10,1,5,"Prejuízo"
47,207,3,10,1,5,"Brier Shooter"
47,208,9,10,1,5,"Robustum"
47,209,8,10,1,5,"Großglauben"
47,211,4,10,1,5,"Lela Daphne"
47,212,6,10,1,5,"Ruthless Enforcer"
47,305,0,10,1,5,"Emperor's Gipon"
47,308,0,10,1,5,"Silent Walker"
47,309,0,10,1,5,"Brutal Cape"
48,305,0,10,1,5,"Mythology Bracers"
48,308,0,10,1,5,"Proof of Nobility"
48,309,0,10,1,5,"Royal Cloak"
49,201,1,10,1,5,"Ingot Club"
49,202,1,10,1,5,"Boldness"
49,203,7,10,1,5,"Chestbreaker"
49,204,5,10,1,5,"Wizard's Vizard"
49,205,5,10,1,5,"Gaia Scepter"
49,206,2,10,1,5,"Nirvana"
49,207,3,10,1,5,"Ex Machina"
49,208,9,10,1,5,"Memento Mori"
49,209,8,10,1,5,"Farsighted Eye"
49,211,4,10,1,5,"Staff of the Pathfinder"
49,212,6,10,1,5,"Sign of Menace"
49,303,12,10,1,5,"Silver Sallet"
49,303,14,10,1,5,"Ruby Brigade Cap"
49,303,15,10,1,5,"Diadem"
49,303,17,10,1,5,"Throne's Helm"
49,304,12,10,1,5,"Silver Cuirass"
49,304,14,10,1,5,"Dandy's Jacket"
49,304,15,10,1,5,"Witchcraft Robe"
49,304,17,10,1,5,"Throne's Jacket"
49,306,12,10,1,5,"Silver Gauntlets"
49,306,14,10,1,5,"Captain's Sleeves"
49,306,15,10,1,5,"Hardest Bangles"
49,306,17,10,1,5,"Throne's Arms"
49,307,12,10,1,5,"Silver Sabatons"
49,307,14,10,1,5,"Slayer's Bottoms"
49,307,15,10,1,5,"Equinox Waistguard"
49,307,17,10,1,5,"Throne's Legs"
50,305,0,10,1,5,"Hero's Skin"
50,308,0,10,1,5,"Land Walker"
50,309,0,10,1,5,"White Dragon's Mantle"
51,201,1,11,1,5,"Francisca"
51,202,1,11,1,5,"Shield of the Pure White"
51,203,7,11,1,5,"D D D"
51,204,5,11,1,5,"Engagement"
51,205,5,11,1,5,"Doom's Blow"
51,206,2,11,1,5,"Rising Sun"
51,207,3,11,1,5,"Elder's Anima"
51,208,9,11,1,5,"Honestatis"
51,209,8,11,1,5,"Krifo Proseuché"
51,211,4,11,1,5,"Heart of Darkness"
51,212,6,11,1,5,"Grace of Apollo"
51,303,0,11,1,5,"Maiden's Teardrop"
51,305,0,11,1,5,"Champion Breastplate"
51,307,0,11,1,5,"Finest Boots"
51,308,0,11,1,5,"Hell's Banded"
51,309,0,11,1,5,"Blackbound Cloak"
51,426,0,11,1,7,"Lion Insignia Ring"
52,303,14,11,1,5,"Explorer Hat"
52,303,15,11,1,5,"Circlet of Divine Sight"
52,303,17,11,1,5,"Sublime Helm"
52,303,12,11,1,5,"Kerberos Head"
52,304,12,11,1,5,"Shining Scale Coat"
52,304,14,11,1,5,"Jackal Armor"
52,304,15,11,1,5,"Delusions Robe"
52,304,17,11,1,5,"Sublime Clothes"
52,306,12,11,1,5,"Metal Riff Arm"
52,306,14,11,1,5,"Endless Biting"
52,306,15,11,1,5,"Aeon Bangles"
52,306,17,11,1,5,"Sublime Arms"
52,307,12,11,1,5,"High Scale Whisker"
52,307,14,11,1,5,"Explorer's Boots"
52,307,15,11,1,5,"Pleats of Revival"
52,307,17,11,1,5,"Sublime Greaves"
52,309,0,11,1,5,"Guard Mantle"
53,201,1,11,1,5,"Gold Sting"
53,202,1,11,1,5,"Stark Stolz"
53,203,7,11,1,5,"Glyph Victory"
53,204,5,11,1,5,"Unbreakable"
53,205,5,11,1,5,"Burden of Sin"
53,206,2,11,1,5,"Kris Naga Vein"
53,207,3,11,1,5,"Sturdy Bow"
53,208,9,11,1,5,"Aeternitas"
53,209,8,11,1,5,"Reize Hoffnung"
53,211,4,11,1,5,"Relic-Eater"
53,212,6,11,1,5,"Archistaff of the Evil Eye"
53,305,0,11,1,5,"Dark Night Chainmail"
53,308,0,11,1,5,"Extra Hose"
53,309,0,11,1,5,"Amadeus Cloak"
55,202,1,11,1,5,"Shield of the Divine Protector"
55,205,5,11,1,5,"Hands of Rain"
55,213,10,11,1,5,"Elfin Thrust"
55,303,12,11,1,10,"Galeam Gloria"
55,303,14,11,1,10,"Black Bart's Cap"
55,303,15,11,1,10,"Peerless Shade"
55,303,17,11,1,10,"Chevalier Helm"
55,303,13,70,1,5,"Silver Sol Helm"
55,303,16,70,1,5,"Gold Luna Helm"
55,303,0,12,1,5,"Mysterious Thief's Mask"
55,304,12,11,1,10,"Arma Gloria"
55,304,14,11,1,10,"Black Bart's Jacket"
55,304,15,11,1,10,"Dieudo Robe"
55,304,17,11,1,10,"Chevalier Coat"
55,304,13,55,1,5,"Silver Sol Mail"
55,304,16,55,1,5,"Gold Luna Mail"
55,306,12,11,1,10,"Caestus Gloria"
55,306,14,11,1,10,"Black Bart's Arms"
55,306,15,11,1,10,"Dieudo Arms"
55,306,17,11,1,10,"Chevalier Arms"
55,306,13,70,1,5,"Silver Sol Vambraces"
55,306,16,70,1,5,"Gold Luna Vambraces"
55,306,0,12,1,5,"Ornament Arms"
55,307,12,11,1,10,"Foot Gloria"
55,307,14,11,1,10,"Black Bart's Legs"
55,307,15,11,1,10,"Gallant Boots"
55,307,17,11,1,10,"Chevalier Legs"
55,307,13,55,1,5,"Silver Sol Greaves"
55,307,16,55,1,5,"Gold Luna Greaves"
55,309,0,11,1,10,"Great Arisen's Mantle"
56,201,1,12,1,5,"Crossed Cinquedea"
56,203,7,12,1,5,"Olympus"
56,204,5,12,1,5,"Dual Sentinel"
56,206,2,12,1,5,"Predator Fang"
56,207,3,12,1,5,"Noble Hilt Bow"
56,208,9,12,1,5,"Veritas"
56,209,8,12,1,5,"Ketzer Zwillinge"
56,211,4,12,1,5,"Diabolic Talon"
56,212,6,12,1,5,"Perpetual Dark"
56,303,12,12,1,5,"Barbarian Chief's Helm"
56,303,17,12,1,5,"Maverick Helm"
56,303,15,12,1,5,"Pope's Cap"
56,303,14,12,1,5,"Golden Lion Helm"
56,304,12,11,1,5,"Champione"
56,304,17,12,1,5,"Maverick Coat"
56,304,15,12,1,5,"Hermit Robe"
56,304,14,12,1,5,"Golden Lorica"
56,305,0,12,1,5,"Queen's Corset"
56,306,12,12,1,5,"Hallgeir Arms"
56,306,17,12,1,5,"Maverick Arms"
56,306,15,12,1,5,"Agito Bangles"
56,306,14,12,1,5,"Sunlight Manicae"
56,307,12,12,1,5,"Philus Greaves"
56,307,17,12,1,5,"Maverick Boots"
56,307,15,12,1,5,"Breechcloth of Reminiscence"
56,307,14,11,1,5,"Oblique Cuisses"
56,308,0,12,1,5,"Secret of Muse"
56,309,0,12,1,5,"Paladin's Mantle"
56,426,0,12,1,11,"True Dragon Leather Bracelet"
57,202,1,12,1,5,"Emblem of Saints"
57,205,5,12,1,5,"Strict Ruling"
58,201,1,12,1,5,"Threaded Cudgel"
58,203,7,12,1,5,"Beast Symbol"
58,204,5,12,1,5,"Illuminati's Watch"
58,206,2,12,1,5,"Chronos Slayer"
58,207,3,12,1,5,"Gandiva"
58,208,9,12,1,5,"Unexpected Force"
58,209,8,12,1,5,"Finalen Schlag"
58,211,4,12,1,5,"Almighty's Eye"
58,212,6,12,1,5,"Raison D'être"
58,303,14,12,1,5,"Hanzou Mask"
58,303,15,12,1,5,"Skittish Hat"
58,303,17,12,1,5,"Oath's Helm"
58,303,12,12,1,5,"Howl of Garuda"
58,304,12,12,1,5,"Unrivalled Guard"
58,304,14,12,1,5,"Lord of Strider"
58,304,15,12,1,5,"Infinity Coat"
58,304,17,12,1,5,"Coat of the Covenant"
58,305,0,12,1,5,"King Bliaut"
58,306,12,12,1,5,"Talons of Garuda"
58,306,14,12,1,5,"Fulfillment"
58,306,15,12,1,5,"Mythological Bangles"
58,306,17,12,1,5,"Gloves of Sacred Protection"
58,307,12,12,1,5,"Tread of Garuda"
58,307,14,12,1,5,"Land Kankar"
58,307,15,12,1,5,"High Wizard Boots"
58,307,17,12,1,5,"Greaves of Sacred Protection"
58,308,0,12,1,5,"Mythological Tied"
58,309,9,12,1,5,"Legendary Cloak"
60,202,1,12,1,10,"Dragon's Shell"
60,205,5,12,1,10,"Tempest"
60,213,10,25,1,5,"Turbulence"
60,303,1,12,1,10,"Dolus Galea"
60,303,7,12,1,10,"Optimus"
60,303,2,12,1,10,"Ancient Hood"
60,303,3,12,1,10,"Old Age Hood"
60,303,4,12,1,10,"Ancient Cap"
60,303,8,12,1,10,"Old Edge Cap"
60,303,6,12,1,10,"Arte Hood"
60,303,5,12,1,10,"Ancient Helm"
60,303,9,12,1,10,"Paracelsus' Mask"
60,304,1,12,1,10,"Dolus Corpus"
60,304,7,12,1,10,"Exquisita"
60,304,2,12,1,10,"Ancient Jacket"
60,304,3,12,1,10,"Old Age Jacket"
60,304,4,12,1,10,"Ancient Robe"
60,304,8,12,1,10,"Old Age Coat"
60,304,6,12,1,10,"Arte Robe"
60,304,5,12,1,10,"Ancient Coat"
60,304,9,12,1,10,"Alchemy Coat"
60,304,0,40,1,1,"Enforcer's Sacred Armor (Dark Night)"
60,306,1,12,1,10,"Fortis Manibus"
60,306,7,12,1,10,"Invictus"
60,306,2,12,1,10,"Ancient Gloves"
60,306,3,12,1,10,"Old Age Gloves"
60,306,4,12,1,10,"Ancient Bangles"
60,306,8,12,1,10,"Old Age Bangles"
60,306,6,12,1,10,"Arte Bangles"
60,306,5,12,1,10,"Ancient Arms"
60,307,1,12,1,10,"Fortis Prodesto"
60,307,7,12,1,10,"Singularis"
60,307,2,12,1,10,"Ancient Cuisses"
60,307,3,12,1,10,"Old Age Cuisses"
60,307,4,12,1,10,"Ancient Boots"
60,307,8,12,1,10,"Old Age Shoes"
60,307,6,12,1,10,"Arte Sandals"
60,307,5,12,1,10,"Ancient Greaves"
60,307,9,12,1,10,"Formula Greaves"
60,307,0,40,1,1,"Enforcer's Boots (Dark Night)"
60,309,9,12,1,5,"Alchymia Magna"
60,309,0,12,1,5,"Mantle of Domination"
60,442,0,15,1,2,"Star Ruby Ring"
60,458,0,15,1,3,"Brilliant Gem Bracelet"
60,474,0,15,1,3,"Heliodor Earrings"
62,201,1,15,1,5,"Truth Falcata"
62,202,1,15,1,5,"Ancient Heater Shield"
62,203,7,15,1,5,"Dáinsleif"
62,204,5,15,1,5,"Protect Frame"
62,205,5,15,1,5,"Evening Sun"
62,206,2,15,1,5,"Shining Daggers"
62,207,3,15,1,5,"Elder's Hunter Bow"
62,208,9,15,1,5,"Centuria"
62,209,8,15,1,5,"Reines Herz"
62,211,4,15,1,5,"Circle of Life"
62,212,6,15,1,5,"Spectral Ivy"
62,303,12,15,1,5,"Mask of Wrath"
62,303,15,15,1,5,"Profound Lens"
62,303,17,15,1,5,"Helm of Gloom"
62,303,14,15,1,5,"Fortune Coif"
62,304,15,15,1,5,"Mature Works Robe"
62,304,12,15,1,5,"Cursed Beast King's Belt"
62,304,17,15,1,5,"Coat of Gloom"
62,304,14,15,1,5,"Rover Jacket"
62,305,0,15,1,5,"Correct Bracers"
62,306,15,15,1,5,"Mature Bangles"
62,306,12,15,1,5,"Cursed Beast King's Gloves"
62,306,17,15,1,5,"Gloves of Gloom"
62,306,14,15,1,5,"Splendid Arms"
62,307,15,15,1,5,"Pleats of Infinity"
62,307,12,15,1,5,"Destroyer Greaves"
62,307,17,15,1,5,"Greaves of Gloom"
62,307,14,15,1,5,"Enhanced Bottoms"
62,308,0,15,1,5,"Traditional Underwear"
62,309,0,15,1,5,"Victor's Cloak"
65,213,10,30,1,5,"Ray's Steering"
67,201,1,30,1,5,"Tempered Francisca"
67,202,1,30,1,5,"Lone Wolf Shield"
67,203,7,30,1,5,"Gilgamesh Lance"
67,204,5,30,1,5,"Holy Crest Tower Shield"
67,205,5,30,1,5,"Polaris Drop"
67,206,2,30,1,5,"Broad Edge"
67,207,3,30,1,5,"Sharpshooter"
67,208,9,30,1,5,"Ichthus Terram"
67,209,8,30,1,5,"Zwei Geschichten"
67,211,4,30,1,5,"Paled Heart"
67,212,6,30,1,5,"Crying Goddess"
67,303,12,30,1,5,"Wild Noble"
67,303,15,30,1,5,"Coif of Crown"
67,303,17,30,1,5,"Roaming Hat"
67,303,14,30,1,5,"Sentinel Beret"
67,304,12,30,1,5,"Wild Plate"
67,304,15,30,1,5,"Morality Robe"
67,304,17,30,1,5,"Roaming Coat"
67,304,14,30,1,5,"Sentinel Jacket"
67,305,0,30,1,5,"Heavenly Silk"
67,306,12,30,1,5,"Barbarian Arms"
67,306,15,30,1,5,"Morality Sleeves"
67,306,17,30,1,5,"Roaming Gloves"
67,306,14,30,1,5,"Sentinel Arms"
67,307,12,30,1,5,"Barbarian Boots"
67,307,15,30,1,5,"Morality Shoes"
67,307,17,30,1,5,"Roaming Boots"
67,307,14,30,1,5,"Sentinel Kilt"
67,308,0,30,1,5,"Silky Stockings"
67,309,0,30,1,5,"Beast Lord's Cape"
70,304,0,55,1,1,"Duke Armor (Dark Night)"
70,306,0,55,1,1,"Duke Gloves (Dark Night)"
70,307,0,55,1,1,"Duke Cuisses (Dark Night)"
72,201,1,45,1,5,"Sword of Tribe"
72,202,1,45,1,5,"Shield of Tribe"
72,203,7,45,1,5,"Breaker of Tribe"
72,204,5,45,1,5,"Wall of Tribe"
72,205,5,45,1,5,"Rod of Tribe"
72,206,2,45,1,5,"Dagger of Tribe"
72,207,3,45,1,5,"Bow of Tribe"
72,208,9,45,1,5,"Gauntlet of Tribe"
72,209,8,45,1,5,"Spell of Tribe"
72,211,4,45,1,5,"Staff of Tribe"
72,212,6,45,1,5,"Wand of Tribe"
72,213,10,45,1,5,"Spear of Tribe"
72,303,0,45,1,5,"Flying Dragon Circlet"
72,304,0,45,1,5,"Red Dragon Scale Coat"
72,305,0,45,1,5,"Questing Tunic"
72,306,0,45,1,5,"Admire Hands"
72,307,0,45,1,5,"Foreign Waistguard"
72,308,0,45,1,5,"Questing Banded"
72,309,0,45,1,5,"Crimson Cloak"
75,303,0,1,1,1,"Volcanic Sparkle"
77,201,1,60,1,5,"Fleeting Sword"
77,202,1,60,1,5,"Damascus Shield"
77,203,7,60,1,5,"Dynastes Horn"
77,204,5,60,1,5,"Iron Coffin"
77,205,5,60,1,5,"Étincelle Supernova"
77,206,2,60,1,5,"Deep Ripper"
77,207,3,60,1,5,"Loner's Strain"
77,208,9,60,1,5,"Rorem Cubito"
77,209,8,60,1,5,"Gullinkambi"
77,211,4,60,1,5,"Petrified Staff"
77,212,6,60,1,5,"Warping Soul"
77,213,10,60,1,5,"Spirit's Fury"
77,303,12,60,1,5,"Royal Guardsman's Sallet"
77,303,15,60,1,5,"Medium Head"
77,303,17,60,1,5,"Circlet of Benevolence"
77,303,14,60,1,5,"Black Panther Mask"
77,304,12,60,1,5,"Royal Guardsman's Surcoat"
77,304,15,60,1,5,"Medium Robe"
77,304,17,60,1,5,"Jacket of Benevolence"
77,304,14,60,1,5,"Black Panther Padding"
77,305,0,60,1,5,"Pallid Wear"
77,306,12,60,1,5,"Royal Guardsman's Gauntlets"
77,306,15,60,1,5,"Medium Arms"
77,306,17,60,1,5,"Gloves of Benevolence"
77,306,14,60,1,5,"Black Panther Sleeves"
77,307,12,60,1,5,"Royal Guardsman's Sabatons"
77,307,15,60,1,5,"Medium Boots"
77,307,17,60,1,5,"Boots of Benevolence"
77,307,14,60,1,5,"Black Panther Leg Guards"
77,308,0,60,1,5,"Pallid Tights"
77,309,0,60,1,5,"White Leather Cloak"
80,426,0,75,1,1,"Ancient Clear Shell Ring"
83,201,1,85,1,5,"Lupus Savior"
83,202,1,85,1,5,"Pyxis Guard"
83,203,7,85,1,5,"Taurus Breaker"
83,204,5,85,1,5,"Scutum Wall"
83,205,5,85,1,5,"Khidir's Torch"
83,206,2,85,1,5,"Gemini Edge"
83,207,3,85,1,5,"Corvus Bow"
83,208,9,85,1,5,"Circinus Arm"
83,209,8,85,1,5,"Lacerta Shooter"
83,211,4,85,1,5,"Ara Cane"
83,212,6,85,1,5,"Tucana Wand"
83,213,10,85,1,5,"Carina Spear"
83,303,12,85,1,5,"Gelmez Armet"
83,303,15,85,1,5,"Duarev Hood"
83,303,17,85,1,5,"Sizjak Hat"
83,303,14,85,1,5,"Shahabad Helm"
83,304,12,85,1,5,"Gelmez Armor"
83,304,15,85,1,5,"Duarev Robe"
83,304,17,85,1,5,"Sizjak Coat"
83,304,14,85,1,5,"Shahabad Jacket"
83,305,0,85,1,5,"Biyabaan Mail"
83,306,12,85,1,5,"Gelmez Gloves"
83,306,15,85,1,5,"Duarev Bangles"
83,306,17,85,1,5,"Sizjak Arms"
83,306,14,85,1,5,"Shahabad Bracers"
83,307,12,85,1,5,"Gelmez Greaves"
83,307,15,85,1,5,"Duarev Shoes"
83,307,17,85,1,5,"Sizjak Greaves"
83,307,14,85,1,5,"Shahabad Boots"
83,308,0,85,1,5,"Biyabaan Tights"
83,309,0,85,1,5,"Albasiyyah"
85,202,1,90,1,15,"Mehrdad"
85,205,5,90,1,15,"Roshanak"
85,303,12,90,1,10,"Acrean Helm"
85,303,15,90,1,10,"Acrean Circlet"
85,303,17,90,1,10,"Acrean Turban"
85,303,14,90,1,10,"Acrean Hat"
85,304,12,90,1,10,"Acrean Mail"
85,304,15,90,1,10,"Acrean Coat"
85,304,17,90,1,10,"Acrean Armor"
85,304,14,90,1,10,"Acrean Padding"
85,305,0,90,1,10,"Acrean Tunic"
85,306,12,90,1,10,"Acrean Gauntlets"
85,306,15,90,1,10,"Acrean Bangles"
85,306,17,90,1,10,"Acrean Hands"
85,306,14,90,1,10,"Acrean Gloves"
85,307,12,90,1,10,"Acrean Greaves"
85,307,15,90,1,10,"Acrean Boots"
85,307,17,90,1,10,"Acrean Bottoms"
85,307,14,90,1,10,"Acrean Cuisses"
85,308,0,90,1,10,"Acrean Hose"
85,309,0,90,1,11,"Acrean Cloak"
88,201,1,95,1,5,"Rapier of Deev"
88,202,1,95,1,5,"Guard of Ghirkud"
88,203,7,95,1,5,"Edge of Aslan"
88,204,5,95,1,5,"Fort of Ferey"
88,205,5,95,1,5,"Torch of Horos"
88,206,2,95,1,5,"Dagger of Vashak"
88,207,3,95,1,5,"Aim of Kal Tal"
88,208,9,95,1,5,"Hand of Kurts"
88,209,8,95,1,5,"Spell of Youran"
88,211,4,95,1,5,"Staff of Younes"
88,212,6,95,1,5,"Wand of Ejderha"
88,213,10,95,1,5,"Lance of Kapran"
88,303,12,95,1,5,"Emine Helm"
88,303,15,95,1,5,"Forehead Protector of Hope"
88,303,17,95,1,5,"Kier Cervelliere"
88,303,14,95,1,5,"Niloufar Hood"
88,304,12,95,1,5,"Emine Plate"
88,304,15,95,1,5,"Banded Coat of Hope"
88,304,17,95,1,5,"Kier Jacket"
88,304,14,95,1,5,"Niloufar Padding"
88,305,0,95,1,5,"Krall Breastplate"
88,306,12,95,1,5,"Emine Bracers"
88,306,15,95,1,5,"Bangles of Hope"
88,306,17,95,1,5,"Kier Gauntlets"
88,306,14,95,1,5,"Niloufar Gloves"
88,307,12,95,1,5,"Emine Cuisses"
88,307,15,95,1,5,"Anklets of Hope"
88,307,17,95,1,5,"Kier Boots"
88,307,14,95,1,5,"Niloufar Bottoms"
88,308,0,95,1,5,"Krall Banded"
88,309,0,95,1,5,"Oriental Mantle"
90,303,12,100,1,10,"Dools Armet"
90,303,15,100,1,10,"Dools Mask"
90,303,17,100,1,10,"Dools Barbute"
90,303,14,100,1,10,"Dools Sallet"
90,304,12,100,1,10,"Dools Armor"
90,304,15,100,1,10,"Dools Robe"
90,304,17,100,1,10,"Dools Coat"
90,304,14,100,1,10,"Dools Vest"
90,306,12,100,1,10,"Dools Arms"
90,306,15,100,1,10,"Dools Gloves"
90,306,17,100,1,10,"Dools Gauntlets"
90,306,14,100,1,10,"Dools Bracers"
90,307,12,100,1,10,"Dools Cuisses"
90,307,15,100,1,10,"Dools High Boots"
90,307,17,100,1,10,"Dools Legs"
90,307,14,100,1,10,"Dools Greaves"
93,201,1,105,1,5,"Sword of Vermilion"
93,202,1,105,1,5,"Guard of Vermilion"
93,203,7,105,1,5,"Blade of Vermilion"
93,204,5,105,1,5,"Wall of Vermilion"
93,205,5,105,1,5,"Rod of Vermilion"
93,206,2,105,1,5,"Edge of Vermilion"
93,207,3,105,1,5,"Bow of Vermilion"
93,208,9,105,1,5,"Hand of Vermilion"
93,209,8,105,1,5,"Spell of Vermilion"
93,211,4,105,1,5,"Staff of Vermilion"
93,212,6,105,1,5,"Wand of Vermilion"
93,213,10,105,1,5,"Lance of Vermilion"
93,215,11,105,1,5,"Saber of Vermilion"
93,303,12,105,1,5,"Corail Helm"
93,303,14,105,1,5,"Cuivre Hat"
93,303,15,105,1,5,"June Crown"
93,303,17,105,1,5,"Briller Head"
93,304,12,105,1,5,"Corail Mail"
93,304,14,105,1,5,"Cuivre Jacket"
93,304,15,105,1,5,"June Robe"
93,304,17,105,1,5,"Briller Jacket"
93,305,0,105,1,5,"Kenneby's Wear"
93,306,12,105,1,5,"Corail Gauntlets"
93,306,14,105,1,5,"Cuivre Arms"
93,306,15,105,1,5,"June Bracers"
93,306,17,105,1,5,"Briller Arms"
93,307,12,105,1,5,"Corail Cuisses"
93,307,14,105,1,5,"Cuivre Legs"
93,307,15,105,1,5,"June Bottoms"
93,307,17,105,1,5,"Briller Poleyn"
93,308,0,105,1,5,"Kenneby's Pants"
93,309,0,105,1,5,"Suiere Mantle"
95,303,12,110,1,10,"Mehizaf Helm"
95,303,14,110,1,10,"Mehizaf Mask"
95,303,15,110,1,10,"Mehizaf Head"
95,303,17,110,1,10,"Mehizaf Crown"
95,304,12,110,1,10,"Mehizaf Armor"
95,304,14,110,1,10,"Mehizaf Cross"
95,304,15,110,1,10,"Mehizaf Robe"
95,304,17,110,1,10,"Mehizaf Coat"
95,306,12,110,1,10,"Mehizaf Cutter"
95,306,14,110,1,10,"Mehizaf Glove"
95,306,15,110,1,10,"Mehizaf Gauntlets"
95,306,17,110,1,10,"Mehizaf Bangle"
95,307,12,110,1,10,"Mehizaf Poleyn"
95,307,14,110,1,10,"Mehizaf Banded"
95,307,15,110,1,10,"Mehizaf Boots"
95,307,17,110,1,10,"Mehizaf Cuirass"
98,201,1,115,1,5,"Rousing Schlucht Sword"
98,202,1,115,1,5,"Rousing Schlucht Shield"
98,203,7,115,1,5,"Rousing Schlucht Blade"
98,204,5,115,1,5,"Rousing Schlucht Guard"
98,205,5,115,1,5,"Rousing Schlucht Rod"
98,206,2,115,1,5,"Rousing Schlucht Daggers"
98,207,3,115,1,5,"Rousing Schlucht Bow"
98,208,9,115,1,5,"Rousing Schlucht Arm"
98,209,8,115,1,5,"Rousing Schlucht Shooter"
98,211,4,115,1,5,"Rousing Schlucht Cane"
98,212,6,115,1,5,"Rousing Schlucht Wand"
98,213,10,115,1,5,"Rousing Schlucht Spear"
98,215,11,115,1,5,"Rousing Schlucht Scimitar"
98,303,12,115,1,5,"Confidence Helm"
98,303,14,115,1,5,"Taciturne Hat"
98,303,15,115,1,5,"Charité Circlet"
98,303,17,115,1,5,"Solidarité Turban"
98,304,12,115,1,5,"Confidence Mail"
98,304,14,115,1,5,"Taciturne Padding"
98,304,15,115,1,5,"Charité Coat"
98,304,17,115,1,5,"Solidarité Armor"
98,305,0,115,1,5,"Traître Gambeson"
98,306,12,115,1,5,"Confidence Gauntlets"
98,306,14,115,1,5,"Taciturne Gloves"
98,306,15,115,1,5,"Charité Bangles"
98,306,17,115,1,5,"Solidarité Hands"
98,307,12,115,1,5,"Confidence Greaves"
98,307,14,115,1,5,"Taciturne Cuisses"
98,307,15,115,1,5,"Charité Boots"
98,307,17,115,1,5,"Solidarité Bottoms"
98,308,0,115,1,5,"Traître Hose"
98,309,0,115,1,5,"Traître Mantle"
105,201,1,140,1,5,"Savage Courage Assault Sword"
105,202,1,140,1,5,"Savage Courage Assault Shield"
105,203,7,140,1,5,"Savage Courage Assault Blade"
105,204,5,140,1,5,"Savage Courage Ranger Wall"
105,205,5,140,1,5,"Savage Courage Ranger Rod"
105,206,2,140,1,5,"Savage Courage Snipe dagger"
105,207,3,140,1,5,"Savage Courage Snipe Arrow"
105,208,9,140,1,5,"Savage Courage Ranger Hands"
105,209,8,140,1,5,"Savage Courage Magic Spell"
105,211,4,140,1,5,"Savage Courage Magic Staff"
105,212,6,140,1,5,"Savage Courage Magic Wand"
105,213,10,140,1,5,"Savage Courage Snipe Lance"
105,215,11,140,1,5,"Savage Courage Ranger Scimitar"
105,303,12,140,1,5,"Savage Courage Assault Skull"
105,303,14,140,1,5,"Savage Courage Snipe Mask"
105,303,15,140,1,5,"Savage Courage Magic Mask"
105,303,17,140,1,5,"Savage Courage Ranger Turban"
105,304,12,140,1,5,"Savage Courage Assault Mail"
105,304,14,140,1,5,"Savage Courage Snipe vest"
105,304,15,140,1,5,"Savage Courage Magic Robe"
105,304,17,140,1,5,"Savage Courage Ranger Armor"
105,305,0,140,1,5,"Holy Seal's Lively Gambeson"
105,306,12,140,1,5,"Savage Courage Assault Cutter"
105,306,14,140,1,5,"Savage Courage Snipe Arm"
105,306,15,140,1,5,"Savage Courage Magic Glove"
105,306,17,140,1,5,"Savage Courage Ranger Arm"
105,307,12,140,1,5,"Savage Courage Assault Poleyn"
105,307,14,140,1,5,"Savage Courage Snipe Legs"
105,307,15,140,1,5,"Savage Courage Magic high boots"
105,307,17,140,1,5,"Savage Courage Ranger Legs"
105,308,0,140,1,5,"Holy Seal's Lively Hose"
105,309,0,140,1,5,"Holy Seal's Lively Cloak"
110,201,1,145,1,5,"Solitary Assault Sword"
110,202,1,145,1,5,"Solitary Assault Shield"
110,203,7,145,1,5,"Solitary Assault Blade"
110,204,5,145,1,5,"Solitary Ranger's Wall"
110,205,5,145,1,5,"Solitary Ranger's Rod"
110,206,2,145,1,5,"Solitary's Snipe Daggers"
110,207,3,145,1,5,"Solitary Snipe Arrow"
110,208,9,145,1,5,"Solitary Ranger's Hands"
110,209,8,145,1,5,"Solitary Magic Spell"
110,211,4,145,1,5,"Solitary Magic Staff"
110,212,6,145,1,5,"Solitary Magic Wand"
110,213,10,145,1,5,"Solitary's Snipe Lance"
110,215,11,145,1,5,"Solitary Ranger's Scimitar"
110,303,12,145,1,5,"Solitary Assault Helm"
110,303,14,145,1,5,"Solitary's Snipe Hat"
110,303,15,145,1,5,"Solitary Magic Head"
110,303,17,145,1,5,"Solitary Ranger's Head"
110,304,12,145,1,5,"Solitary Assault Armor"
110,304,14,145,1,5,"Solitary's Snipe Vest"
110,304,15,145,1,5,"Solitary Magic Jacket"
110,304,17,145,1,5,"Solitary Ranger's Robe"
110,305,0,145,1,5,"Trickster's Lively Clothing"
110,306,12,145,1,5,"Solitary Assault Gauntlets"
110,306,14,145,1,5,"Solitary's Snipe Gloves"
110,306,15,145,1,5,"Solitary Magic Bracer"
110,306,17,145,1,5,"Solitary Ranger's Arms"
110,307,12,145,1,5,"Solitary Assault Greaves"
110,307,14,145,1,5,"Solitary's Snipe Cuirass"
110,307,15,145,1,5,"Solitary Magic Boots"
110,307,17,145,1,5,"Solitary Ranger's Bottoms"
110,308,0,145,1,5,"Tricksters's Lively Pants"
110,309,0,145,1,5,"Trickster's Lively Cloak"
115,201,1,150,1,5,"Hero's Assault Sword"
115,202,1,150,1,5,"Hero's Assault Shield"
115,203,7,150,1,5,"Hero's Assault Blade"
115,204,5,150,1,5,"Hero's Ranger Wall"
115,205,5,150,1,5,"Hero's Ranger Rod"
115,206,2,150,1,5,"Hero's Snipe Daggers"
115,207,3,150,1,5,"Hero's Snipe Arrow"
115,208,9,150,1,5,"Hero's Ranger Hands"
115,209,8,150,1,5,"Hero's Magic Spell"
115,211,4,150,1,5,"Hero's Magic Staff"
115,212,6,150,1,5,"Hero's Magic Wand"
115,213,10,150,1,5,"Hero's Snipe Lance"
115,215,11,150,1,5,"Hero's Ranger Scimitar"
115,303,12,150,1,5,"Hero's Assault Head"
115,303,14,150,1,5,"Hero's Snipe Hood"
115,303,15,150,1,5,"Hero's Magic Mask"
115,303,17,150,1,5,"Hero's Ranger Mask"
115,304,12,150,1,5,"Hero's Assault Armor"
115,304,14,150,1,5,"Hero's Snipe Jacket"
115,304,15,150,1,5,"Hero's Magic Breast"
115,304,17,150,1,5,"Hero's Ranger Coat"
115,305,0,150,1,5,"Hero's Lively Top"
115,306,12,150,1,5,"Hero's Assault Gauntlets"
115,306,14,150,1,5,"Hero's Snipe Gloves"
115,306,15,150,1,5,"Hero's Magic Claw"
115,306,17,150,1,5,"Hero's Ranger Bangle"
115,307,12,150,1,5,"Hero's Assault Cuirass"
115,307,14,150,1,5,"Hero's Snipe Bottom"
115,307,15,150,1,5,"Hero's Magic Gloves"
115,307,17,150,1,5,"Heroes Ranger Cuirass"
115,308,0,150,1,5,"Hero's Lively Underpants"
115,309,0,150,1,5,"Hero's Lively Cloak"
